https://fonts.gstatic.com/s/epilogue/v20/O4ZMFGj5hxF0EhjimngomvnCCtqb30OX1zTiDA.ttf	assets/fonts/font-001.ttf
https://fonts.gstatic.com/s/epilogue/v20/O4ZMFGj5hxF0EhjimngomvnCCtqb30OXMDPiDA.ttf	assets/fonts/font-002.ttf
https://fonts.gstatic.com/s/epilogue/v20/O4ZMFGj5hxF0EhjimngomvnCCtqb30OXmTTiDA.ttf	assets/fonts/font-003.ttf
https://fonts.gstatic.com/s/epilogue/v20/O4ZMFGj5hxF0EhjimngomvnCCtqb30OXsDTiDA.ttf	assets/fonts/font-004.ttf
https://fonts.gstatic.com/s/materialsymbolsoutlined/v321/kJF1BvYX7BgnkSrUwT8OhrdQw4oELdPIeeII9v6oDMzByHX9rA6RzaxHMPdY43zj-jCxv3fzvRNU22ZXGJpEpjC_1v-p_4MrImHCIJIZrDAvHOem.ttf	assets/fonts/font-005.ttf
https://fonts.gstatic.com/s/materialsymbolsoutlined/v321/kJF1BvYX7BgnkSrUwT8OhrdQw4oELdPIeeII9v6oDMzByHX9rA6RzaxHMPdY43zj-jCxv3fzvRNU22ZXGJpEpjC_1v-p_4MrImHCIJIZrDBIG-em.ttf	assets/fonts/font-006.ttf
https://fonts.gstatic.com/s/materialsymbolsoutlined/v321/kJF1BvYX7BgnkSrUwT8OhrdQw4oELdPIeeII9v6oDMzByHX9rA6RzaxHMPdY43zj-jCxv3fzvRNU22ZXGJpEpjC_1v-p_4MrImHCIJIZrDBxG-em.ttf	assets/fonts/font-007.ttf
https://fonts.gstatic.com/s/materialsymbolsoutlined/v321/kJF1BvYX7BgnkSrUwT8OhrdQw4oELdPIeeII9v6oDMzByHX9rA6RzaxHMPdY43zj-jCxv3fzvRNU22ZXGJpEpjC_1v-p_4MrImHCIJIZrDCdHOem.ttf	assets/fonts/font-008.ttf
https://fonts.gstatic.com/s/materialsymbolsoutlined/v321/kJF1BvYX7BgnkSrUwT8OhrdQw4oELdPIeeII9v6oDMzByHX9rA6RzaxHMPdY43zj-jCxv3fzvRNU22ZXGJpEpjC_1v-p_4MrImHCIJIZrDCvHOem.ttf	assets/fonts/font-009.ttf
https://fonts.gstatic.com/s/materialsymbolsoutlined/v321/kJF1BvYX7BgnkSrUwT8OhrdQw4oELdPIeeII9v6oDMzByHX9rA6RzaxHMPdY43zj-jCxv3fzvRNU22ZXGJpEpjC_1v-p_4MrImHCIJIZrDCvHeem.ttf	assets/fonts/font-010.ttf
https://fonts.gstatic.com/s/materialsymbolsoutlined/v321/kJF1BvYX7BgnkSrUwT8OhrdQw4oELdPIeeII9v6oDMzByHX9rA6RzaxHMPdY43zj-jCxv3fzvRNU22ZXGJpEpjC_1v-p_4MrImHCIJIZrDDxHOem.ttf	assets/fonts/font-011.ttf
https://fonts.gstatic.com/s/materialsymbolsoutlined/v321/kJF1BvYX7BgnkSrUwT8OhrdQw4oELdPIeeII9v6oDMzByHX9rA6RzazHD_dY43zj-jCxv3fzvRNU22ZXGJpEpjC_1v-p_4MrImHCIJIZrDAvHOem.ttf	assets/fonts/font-012.ttf
https://fonts.gstatic.com/s/materialsymbolsoutlined/v321/kJF1BvYX7BgnkSrUwT8OhrdQw4oELdPIeeII9v6oDMzByHX9rA6RzazHD_dY43zj-jCxv3fzvRNU22ZXGJpEpjC_1v-p_4MrImHCIJIZrDBIG-em.ttf	assets/fonts/font-013.ttf
https://fonts.gstatic.com/s/materialsymbolsoutlined/v321/kJF1BvYX7BgnkSrUwT8OhrdQw4oELdPIeeII9v6oDMzByHX9rA6RzazHD_dY43zj-jCxv3fzvRNU22ZXGJpEpjC_1v-p_4MrImHCIJIZrDBxG-em.ttf	assets/fonts/font-014.ttf
https://fonts.gstatic.com/s/materialsymbolsoutlined/v321/kJF1BvYX7BgnkSrUwT8OhrdQw4oELdPIeeII9v6oDMzByHX9rA6RzazHD_dY43zj-jCxv3fzvRNU22ZXGJpEpjC_1v-p_4MrImHCIJIZrDCdHOem.ttf	assets/fonts/font-015.ttf
https://fonts.gstatic.com/s/materialsymbolsoutlined/v321/kJF1BvYX7BgnkSrUwT8OhrdQw4oELdPIeeII9v6oDMzByHX9rA6RzazHD_dY43zj-jCxv3fzvRNU22ZXGJpEpjC_1v-p_4MrImHCIJIZrDCvHOem.ttf	assets/fonts/font-016.ttf
https://fonts.gstatic.com/s/materialsymbolsoutlined/v321/kJF1BvYX7BgnkSrUwT8OhrdQw4oELdPIeeII9v6oDMzByHX9rA6RzazHD_dY43zj-jCxv3fzvRNU22ZXGJpEpjC_1v-p_4MrImHCIJIZrDCvHeem.ttf	assets/fonts/font-017.ttf
https://fonts.gstatic.com/s/materialsymbolsoutlined/v321/kJF1BvYX7BgnkSrUwT8OhrdQw4oELdPIeeII9v6oDMzByHX9rA6RzazHD_dY43zj-jCxv3fzvRNU22ZXGJpEpjC_1v-p_4MrImHCIJIZrDDxHOem.ttf	assets/fonts/font-018.ttf
