https://lh3.googleusercontent.com/aida-public/AB6AXuA0OAu31jYtF3t_WFmlUyR-CvLZufkHJMULXWs7eUznXjoNGx9FutHia0etuc6c5rpCwyqLGn7gTawBu7ITHhw0AFesAKhm00NhzELFqLen2RvAlsb6-oS3QUhNxqCNSWUsJdvAKkUiaeHAfQTMOYdSMZEqNYoJ_-XUfPCngEwNVmLTad5uLos51L7aJQUd17p8dSFM6hsdheOArjstG_5ilmOEpJvKxbxLxQodRJBeNOzci-q7wBuub8JtLdebhiJwEg95zK_PfGg	assets/images/img-001.jpg
https://lh3.googleusercontent.com/aida-public/AB6AXuA84qRLnaolJvGd34yye9qxOd8Aajw2Fv0kGkZ-miXxJtYWlJaZgwx_KNN3Slt7ibgJGPfIM3_zZq0LWL63EHu-cRqEDVaMX11bbnJ09DUF_fiKc9qf0N87BNDveRmZK2QTm2idC6Ybz7gwIZP9Kj4jWDX1bknqC83o1IFigjvW6PxFSyR3Hiv41m8dq_d_RyY7rbKwXKOWufo4OJL8VHQTFDtMaSVkfomY0YGfGzyL3_WbJ7smkn0h0DpwJww0BOrbRFYGP6-RVU8	assets/images/img-002.jpg
https://lh3.googleusercontent.com/aida-public/AB6AXuA8FrNG4MNH-0FrfLety3bciZc2X58rdO_ENeKzJT8iV3mMZkkv_sZXYMl3DmxM1f2GnnykoZPKYgT87fygG5zLXn4J0Aw1vzXztA548ZQ-qRjZJ2rVcyUWq3WFUvTAgWyFcjrB811RCTQQ5fxLLxaXJteGg0mMGg92qqTRoYErrMiMB_90Nl_URTjBCg7sAJK9OK8VQ2l1X6I07ymFpPN0eDXlYkgXBEjoCqQUEg7kJoZsP3UT2jhbXynq7jV-c5mMUs0U80meDe4	assets/images/img-003.jpg
https://lh3.googleusercontent.com/aida-public/AB6AXuATV0BTbjRpC9xXKACeZoyw1OudObL3eu0i6uwwb-nqUv1PXj2vGKSiYhzl35t-8lyn_XMSj4qmdv541jw8X9FPd7EQFqDfVKrDAqQrCBHMPvGfkLvmM5Gcp6tb61yzEQ_NjgOaLv1h0fvn2kbHZTKR5PQaPOEHCjn7KQ6FWH0G8hcgBeq8L91YndajtsUYiXUyasxUlH9sy26zGwnvcLzKfZiFlwVs3PNm8NwGYG6gMtwCzkB7RM1aeHTl8Vyu1EQrloHkNIenqm8	assets/images/img-004.jpg
https://lh3.googleusercontent.com/aida-public/AB6AXuAVVygOfYXcpeoDG6sGI1pnUK_JfHQHHToCqjBvJYDTSNTMPrnuEdvxxLO8JmIXJci6y0Sz8fgZM_jfYAI5v8RJuoeGHt24QUm-7DQv55Z6zzO6ZMwRZePrIMFrrYTbU0e9aMqESot3CEL9R0D0G1docqqOAcVDaVoME0YR-kzTVM9vVz7Sb0dWftxHdZva301DDLSuFhHdMs_Sc7CQ6XTksvBZun2uAev0ntCIngJzTYeedUCIZSlnhqzH1zvPRM6rnUzkquoDtkw	assets/images/img-005.jpg
https://lh3.googleusercontent.com/aida-public/AB6AXuAZ_Z6RFiynr1z9hPzGO6cw-5OTG1bWV8OJcMYiY2_oSPHaFAd3fwDXZVKj7Xcu43Ru1Z66ZUK-M1Ra1J88L3ZxmvhipKcHWOC_2WFShoZdtEGHi60km6T67o5mK9nIlxEmW1zLipcS5iXsXjHf_HL4Oj5v8U1UudwZECWXmWcVnnZCWxmA7O218Dp94_-r3lAoXcha8nXnS7bCa5DstQjrdFk3SovGGgoi7qjAFZztAkE1vUZ84-BAcAGVoZGwY9lPVheWPzW1r8A	assets/images/img-006.jpg
https://lh3.googleusercontent.com/aida-public/AB6AXuAZvX78DcbGl2HmLOuCER-sb_a8qoMWSObIc0kEUEr-B0aTW9JqFf7JUWcecwxRTRDk6Hr2zJWr48hJaFrsrUKWipiqj0A40LcewUDZyO-Hryi4x7b5n8WIGt4jOm_wGuJOtWTRl6vdy_ivbJnI3FFhvg-E-6oORwpyP6HTA53Bqt9wcUK4OZikm5L2G5BrXreO-KJb6fTCJ2EFGmgZHsdgdEHhuRE9rq8hLhk3b7Yy_Nz759PwiuRn24xKZqyQHSnD7wy-JbhYljQ	assets/images/img-007.jpg
https://lh3.googleusercontent.com/aida-public/AB6AXuArxyO5v25av5u_sq8zn9iikzkPLAQlnEcDQaUhJYDTvNKPw1PKcGX1kO_IijWhvGaJEqbLUY6ymjsMiEXzVsUcW-ML7KGA96L6lZTALXuGwOpisr3BrLysIF2haAlI7H1FldpomSo1SHkDuBQI7TVXfAmR-mES0nTpcqRUvBj0ZnkEhdXxqPdzIIIZhytfeuniDHuZBLBfo4QwtqDqC5UzC-UKZTJF1Idbr47FT8MWS3MTgACtT7jlyqcKAnGHGB6qWgRrbltk0G0	assets/images/img-008.jpg
https://lh3.googleusercontent.com/aida-public/AB6AXuAyxxdVQEpS2YuXn-8xun5wlzKxPgxRWFDNDV48EY4Ih-zubHM0VlgkokWKucmm9IKEHt_zZCSZMVGtfIODCgYvqppEcEqHn6ITbaH8UAp0cNOrtRA7Wl4l9H5BGQNvBad8M8v72Re0iZ9o2w9UFtoddIfu88Hat0cmsrae01qngwwNpm3ltsbw5jGcRhNLEXB84TdahiXwEKMKGrrkFyDCqLLTsjOs_LNxvm2BS2Exej0EzvOCPf2PSMcpE-QxsEch6Ro9TY0Qgx0	assets/images/img-009.jpg
https://lh3.googleusercontent.com/aida-public/AB6AXuBD2rKqkFBZS5adQhUu7brEAHUSRu5tdYTYYjBMqjaNPU2KKDELa3-mZ5j0922lFN2vrKP8bORY7uMGZhRq_qdbn_w_9dfmFelYMo-to4GoS3_Z0zOppELfmshslj8pRRIeHsUkZaP-LCubomzaiQeTuvOXG28jfY8JkdR_wyUwM6kV1wngrNJCFNDQTW2PwdA8-IhmvbpFQPSvD4QHIptWoONaJObXlS6S-ABvrbdcI7cPw9SJ_7JsYQQLRhm-opLPsIUqRDczTXk	assets/images/img-010.jpg
https://lh3.googleusercontent.com/aida-public/AB6AXuBJ0JW17yHhWSKqqjYPP1jTsV7v0MfEQVoG8H5ieXjYD1wVWLMnoHh9raZX5hwDqbBLZYV1ueb33ws4G6s2rwFz-OXP-DHKzUVKPC2dv1Q1QeF9ToRY-b6-RprSeQ74EjPzJEuiB2BBUt7InGQEcq6q2cS0KE-vqhAnLJDuyDzanIGbatkmy6sKcJvI5byLwIN7vyfqJmqRz1AYKPgXvaf8_EYbBHHKCTZooaklWL7I959RUygrTAZyuctYASg1XkU1kVN4SCvPTOA	assets/images/img-011.jpg
https://lh3.googleusercontent.com/aida-public/AB6AXuBSyfmcG0OzfS8pIxCoZoFGrpljsZugi1KnbpzGUYwpVQzv1HV_RDDbplgpZeIekcOHcVRd8DlPN6tebDB5JDx1xyxHiVknQmtNohzkthWHhb8NSHGzDoCtddUvsZNBgzm5-2ViYDmKu_3Am3fWNHeURCghrBIMYn8VOgWmFD0P5hD7b3-_09Aj-sAAeisnx_kBs8tCRxHkbnvCMvlD1Yei9FKo7WT2_czXssQPNx29kysUWmLlQbm1RzVEC546ab4A9E855qv4KDQ	assets/images/img-012.jpg
https://lh3.googleusercontent.com/aida-public/AB6AXuBl4UG6P_maaFo7TCKGVpPwaYI1h2GNeBdb9RU_ffMyJp_4zCGFDytITVCW-5mR34-iAdmA8zxBmaZipNY1DeusKCzTclgrHnlDVlfwanmp67nd6BYI83GS_mowM9aSm0ruD-j4c_MIooBPKVTaCzl0el5BxGwee4qdw56vA6Iekab1a9dIuUYADLUGlzMnUwi2HwKHoSPnBnebxQJXf5ig4Qv6Z_NDad_D8-u1BSznJCzqyQYYLUY6OyIQUAFh0zUiywjJaj_N0KA	assets/images/img-013.jpg
https://lh3.googleusercontent.com/aida-public/AB6AXuBs5xUBLDyasCOIRg-vi1IKQ5nETRcXH3_DwApF7zmhI-pS195PS4YObW2XAa9pJHUXuzOG0Bn_KjPIdNbVXg1hIf61fxNs2k2UXox_om4qIKsxpZ40Cu3Khzv27o8xErumBglYDGUkdczZVnB8l7WSLsbVrIF5Ft2wue9p4YhZ31nqS5usRTHDv-bJhXjdfhnjIYwzgkZivdQe2yoZn77-NAg47ROj4T13BVKY9NtjGTP1TykjttYIKfXP_SHpY-ZvJcTCz3qqwMw	assets/images/img-014.jpg
https://lh3.googleusercontent.com/aida-public/AB6AXuBtafEIv8zkj3QmRXUy6lkm-juqruZUsyHwjjuyTAtFCASZ1h2gbyn83BqzR42qEynoX-lHiFzTRySTOEKG2YjruMqFvaRy58fQYT9-4q9Jo097gBVCdZCJ9ZFwwYi7zkXGyLp-hAZcS9ayy2MjaiDMImfIZXtmq5BKRJdyCdWfF7UcWIGj0LoQBWxB-3NTWWDL-AXbN19pMZ2AUhFfy51Q_1BYiby04Pihy9fk5-JGEX0Fb-g2loMKQNb0Os11yi9Vty5UF9FHrdE	assets/images/img-015.jpg
https://lh3.googleusercontent.com/aida-public/AB6AXuBwjxzJa7omlZAsAYfoG0d4hvymzY6Py_LK1k10-86gkV2IYVYqrs-7-OcXLSLjMB0nPJrFp120kJV5SFzWcl-N4lhHkZu8YH-A-f3f801Fmc5qgFIiAAav3Thj6dZAsGo0svsDfDnZMxzS5Nhv-LgmlJvhlv8nqUTxycOd6xKsLdyYUVODdHSgHXfvW5knmRjm-aBn0dEVKTau0N4x5yHqJIPhfoI15ytLjm_sW_vNvgseNBg1Lq8AHk2tNHUW9bBt_6FHdR6kp7k	assets/images/img-016.jpg
https://lh3.googleusercontent.com/aida-public/AB6AXuCT4w1XD1OkTn_zOG5Dh42v8Y6lOt6iTlopd_RL_W80YRe1jnP7h8_gsl7kk43sSFPIzV4kiB7Cte8jyZuaK2hxi6SGIfSgYLaxXP8dK3vHn7QTpAv86_dfLe7zjOOrTKfvSOUiAuKFX3AfiHdBrde5Uv_LPClSLvX9KYeyr2L9V_fHxug0cGxnwK62gl-Mneyr1oExLINOQGYStdm0YN6LQN93yvRrustbG6GQCiyZByfEkFrspvJ1Mj2itEPRLZNwgqR0W0-ns20	assets/images/img-017.jpg
https://lh3.googleusercontent.com/aida-public/AB6AXuC_hEyK-EqkeaKPdOaat9qVPk7UUxyhv54Ecjp4XYxbE4Vlpe6clu2hOAahBRsNZmwn3WC_6NIGwE2E4wc45obPxwpfAJL2WhCw04Pd2bNVyumQhBmYGQ77TiMnrnpHC90_rCrg2uLz4YBHPDIsVIJ2tLGEWxtyu5A5PyBD0mk30xRiMkcuF2WXjYf_Not7FaKouxytnfixzEtwDQy2k-bMJSGRbpOAAXfoDgTND-WxVritZUNxlm4BBo8l_0Z-aNh0fP3HoSdIZE0	assets/images/img-018.jpg
https://lh3.googleusercontent.com/aida-public/AB6AXuCaNKBGN2CoDu1Thqe5s0TFtPFBzttV1XnvqoTnBn1ne8wlZmKXzzRaT-ZLwGB6i9EdDePj6QJhzr1hJGCUyxjredSDwRbpKMXPR_1Ea4-5rH4txNqekWk2s45Bky8Y8VAq8laA-yKIlcZbTApcNNGFNxAZwfMdBs_8HVLhOBIrWdQRfdZJ5xt9lMDV2IRrky7j_7HvFgqdJs39OGxIWFd3g0TDcinv5LJojsVxDUNf5Usc0YGVogOxl8lotgy3ItTp4sgfCHSJQ4A	assets/images/img-019.jpg
https://lh3.googleusercontent.com/aida-public/AB6AXuCm5wJZ395LvtIJcKXu3Ae_NZXP-an-bftG-mqCS3NEzZChDWcA3M5NSVr-pLxZDwxGs-iRD7DxRYpXpzhNg3xkWNo47FpW0PIjaI1iqH-ZyR93mZvLNe2iMUS3F7fQheCIpEIzGGIPm1INhcRqSDqEPNSbPxyxRnQ0STTdgFqL7B-zP-hPhhFQFQ0S4dD09WKbK3DvugltL2_wIto0vLEF-lWjv4QXU_6NVQ5IXuBBNQOFjMQ2UesZD_9ffU6_RFxdefHEUEHjxDo	assets/images/img-020.jpg
https://lh3.googleusercontent.com/aida-public/AB6AXuD9vUTtSKlg0dYIRVUNoQCkFqjfD8H9Cdj4wvQKJ7xwsjNuzxM8UR7uPQNwrGAgSsxMCgrbJWMb8bpH_HVzfMy5RgsjDmJbHLmyiv3nJkvWaBu92QPwlYzodcb9e_yA4ZtMpB2AaPiG_iJx-Dm9H0uObbdY-t5DoENtERZjwCEP9XYL4O6uV0YF9eIcHkKD1k3OKL1apmtz_Qbj-4URwualS1Un9v-vGJeHfxX_YIThRyDwfzwmCzxRjhFdA6tKxLYzTWv9lpY_sVs	assets/images/img-021.jpg
https://lh3.googleusercontent.com/aida-public/AB6AXuDEPK-3HGCBasqhwOh0Tc-HGV7J44xZp_6Adw5HDlDX15yn0Z_Kl2ENiLvQxzx1XYKUpKEeS2C8eOmufyU1zJuZjKt_PoakxLtIAfN7EMWaeuz3rIVA5JMSNotVBeeK7myKhyi7V9GXfkMGf8DqgpCzoqhlS5EsM5z4yCn9O9TerWdli2dwyUGFruhuU4oQx62uvUID_ceZeUMyRn-_VUTgXbBl8uQFCitwYmIYnxCLJb3xOISdB88pEsFkcX5v465GWMoaEv7LYWg	assets/images/img-022.jpg
https://lh3.googleusercontent.com/aida-public/AB6AXuDF7raf4vBcx0Ha_utHitsd5s7QgGmhdeN7LndyrHvZZHsQT71vLG-a_9rTfk9rH67w8DmnZ-JSoDHqMhGgeD6Yi9dhZIL4uZeG1qI7You7ql4nkXeXWC0H9fUcpV0IF3CdWJVKpi1Plzrh8yECLz9QmJwnlzduEZT5BxNBPJJqmcqk6Pmg4q9ObF1PGMyQCENymOnq0Xe1dmtcOsAaXofLhCRuxTpT4K_SWOiFGtnc4pwBOI7SJjmmfXXo_aE69NewdQfjX4Tea_E	assets/images/img-023.jpg
https://lh3.googleusercontent.com/aida-public/AB6AXuDHLaX0qoIDKxjmFVu7COZS_G3fFL-gCKBXrlqTcql96_XkcHjc5FPh3JukZvYPlI05mvilqAfjk2lDxuwXoQCVw1aFA2rz1t9z3D0KUF3yQnYu8bjXOIt2KMr0nVWn4sDfvhpFFv2T2my0JdU7sRnZPopsWm9-wVKWyBL5NtAUiuGxnz4QZi8o379LpfKqEXglEDTK6rH2oF6UK5O4sEr9mezpSGmAJxADONwHWxHvYG-C9FzfP43-kfinHvYFNeGQKKjyXz07EWw	assets/images/img-024.jpg
https://lh3.googleusercontent.com/aida-public/AB6AXuDU4d0KZgXoyiif-3-Q9K8eeII43t-zgwKY8taxf4MZZyHdKLB34C52UzGeClUogcKyVuWSigtjhkn25OKrbFRTQwBfE9qB-JxV3jEoH6gV6mYbhWtJxQgRUpoGgN3UiHu0mhqr9Ny-1nwXziyrORZjGxGrUTh7kRN-HK1cwnzvwkRN4da_YP1TDJBQCCpcq5O22PjV8TD9kFmMJ8CYo8x6vyREquBeiKtEXKzALWr57QBFCAP3_DHNRwTdy60fnIYp4WdX1H9ffqI	assets/images/img-025.jpg
https://lh3.googleusercontent.com/aida-public/AB6AXuDWmKISKrCsFbRtnb22WlVsCVAlxZ9vDFacqtDfpbbl5iBh4I-08EC7OXA53Y0qz2n-n65dq-jCDfRKieKrq5MJltTQAKsRM_m6QYYR690k-QXLR6UgwlY_S72eLpMOVhpM3ZbM_oF7utsB5whJ8dNEIGsydNJmiyDBY7DbX384Va9bG8nc828mF-BuEIQX0Ifkf2MBVM80EtM6V1dAum4AyWK9FxC4Tg0Hwvy_iom-EiJodLb7vESlCU532zUxlxlenluk0-hKU94	assets/images/img-026.jpg
https://lh3.googleusercontent.com/aida-public/AB6AXuDZ_e9euUmMV_KOpkqtXWV19igQ2RjMMlZ5r5InuFoofXsHYR8jjbJYllEdu5aY-30RH5mFO7XjT1FhngNCeVVONa-f1_PzZX3ivFUiNB20BHNdeaRPaICwScjb_z4GPrpuFT5rDJ8zysC_m4Mnz9KDoEY6M_Y50QjgGu1LHAcQZSnqGg-ScEqxOuep4qYjRP6tJVb1W0DRL-y4S82EA3aHowaxCGj7iIiCpjwRqQniMUdRxZu-bzbEOUCksERr7bu2ZZoxRNoOLXY	assets/images/img-027.jpg
https://lh3.googleusercontent.com/aida-public/AB6AXuDcW_WPmpKs3NLnIx6XhrbJm6O6dufoTLG0uJu_V2n17qUe22huF5txxtAFiVPZLxvkrp2jGOcERp0VQ-D4vVCbKzSTeX0O1cTJ8ijZx5Dh6W-kf8mvA_Knh85aKE2jAdd5bbkeHBZlA-KNnA5kEsA6nyNrEb6yrwwpzjGhEZWKTCVHFuTUoBStZwpSQGd_KoqSHgCTXnZDGZu9zfn30BYjrsB8TluXlV1HxHb3RqCaJKCDAEVxU_V6dXqPmnTMey80-NqTA6FYwVc	assets/images/img-028.jpg
https://lh3.googleusercontent.com/aida-public/AB6AXuDf9h3IkWS6lUThspEg2MoxrTTEHTUIk8QcoFRC46RBTsWkqiNZtVKE3y4r3udly6rMUZiGQLyiPdkx8_QKWqyhVSDRrUXY8_i0iQn09WBAT8ksSiIQHHc39gsbdVlnJm7K5l6nqmUqfHYt05BiiWo07qsITHfnLbVR82RmHzKHVLDsp9LvB2BzH4PLCZwcav8OLG6Z2tiriNVlqwCv_GL_HqwvlAN8rqV9BuI2v--R5GUrbQfHEsV1t19qFl4mYeRUiWz9FiVqTOA	assets/images/img-029.jpg
https://lh3.googleusercontent.com/aida-public/AB6AXuDfERljGQP5UziX8lQ9XC9pAqo85N4eDIMJbTi0t7jDJ2oHN047hWP5VHXwpGZkuSadOwuNpOq_7yDFOcETga9G6jFmjvU79bQrmGBLIK_sEQdapDuk7gtuwJQMo9rmxk4HSKGpZ4eGTUVC1nFwQfwlDPZ_H2j7MZf2JSzzKowm7ON8Fh03pCkn5OzfqKQ3S1F6uthc2oW8ykmLmWRbQ3CENnPxO4LxbxN2FF6pBFLVp_6OuUCtiThuSeKrgm84XPcg7Mpc7cRjaDk	assets/images/img-030.jpg
https://lh3.googleusercontent.com/aida-public/AB6AXuDjlX0bdKFgmhGZ8aUsxnsXdaICEXZif3rQt_JrZDmuuDfnsKnk-VMUIn9FmGaA7nSyaXdBBlT9U8jwkrAv1t5oeyPgG0QNIQAjdYRbjqMjR1-HaeTE_a77h6F6DfNjt2bT-EtnJDGomfalzCZkwv5oly3S15VXxG-J-HtpIDpktOLQHfyyYLYTXBKLReD9H2kr4eIppLLvGXUQX0F8kUQwPaq5ZUlVkZi8MjXwWc89FnVXYFCnB2wCs2V1pl66IToezrYIJrAU2G0	assets/images/img-031.jpg
https://lh3.googleusercontent.com/aida-public/AB6AXuDzkAz6p_jhEEIXEZmqt6zUGWKcbjMPshoQdpp6OIyzGquj7OmN4Hv44OfVKC9gVQuHJ6j9mYySmsx1yNU1bNoaDtb7sOYq3GLN_9gudnLD2J3R68A-TDP92Lji5dfMhtsCD4JRdgl8NSBTQsJ4iP1wJGstoxfQ_11OkeWI6BEws1pd6PGfqIBO2E5rDD_tuCvo0HYtZYYUMNiM4ul9FRbMulr1fCnOwhgCQP4fOCEvc5OHnCgv3g_QcxePVVhxeSYTBqVjwMiJuWU	assets/images/img-032.jpg
